<manifest alg="2" build="2015.1.2.344" opt="false" iceEnabled="true" iceMarkupVersion="2" iceEnabledOptions="link,responsive" exportTarget="other" domain="example.com" resolutions="1x" timestamp="1460402857817">
  <folder name="css">
    <file name="site_global.css" crc="4002690593"/>
    <file name="taketori.css" crc="3949100683" ref="booking-(create---calendar):booking-(create---description):booking-(create---extras):booking-(create---preview)"/>
    <file name="master_footer.css" crc="4226216265" ref="booking-(create---extras):index:home:booking-(create---preview):bookings:local-events:dashboard-copy:social-media:booking-(create---calendar):calendar:added-calendar:booking-(create---description):manage-reservations:reviews"/>
    <file name="master_a-master.css" crc="4043567551" ref="booking-(create---extras):booking-(create---preview):bookings:dashboard-copy:booking-(create---calendar):booking-(create---description)"/>
    <file name="booking-_create---extras_.css" crc="4191639995" ref="booking-(create---extras)"/>
    <file name="index.css" crc="3906046056" ref="index"/>
    <file name="home.css" crc="3797455512" ref="home"/>
    <file name="booking-_create---preview_.css" crc="112558519" ref="booking-(create---preview)"/>
    <file name="bookings.css" crc="127837995" ref="bookings"/>
    <file name="local-events.css" crc="485613207" ref="local-events"/>
    <file name="dashboard-copy.css" crc="327400371" ref="dashboard-copy"/>
    <file name="iefonts_dashboard-copy.css" crc="441046652" ref="dashboard-copy"/>
    <file name="social-media.css" crc="219588437" ref="social-media"/>
    <file name="booking-_create---calendar_.css" crc="3959578208" ref="booking-(create---calendar)"/>
    <file name="calendar.css" crc="4077092177" ref="calendar"/>
    <file name="added-calendar.css" crc="358335437" ref="added-calendar"/>
    <file name="booking-_create---description_.css" crc="4277692574" ref="booking-(create---description)"/>
    <file name="manage-reservations.css" crc="4147954484" ref="manage-reservations"/>
    <file name="master_b-master.css" crc="397836333" ref="added-calendar:manage-reservations:calendar:social-media:local-events:index:home:reviews"/>
    <file name="reviews.css" crc="379915227" ref="reviews"/>
    <file name="test.css" crc="3997691362" ref="test"/>
  </folder>
  <folder name="scripts">
    <file name="jquery-1.8.3.min.js" crc="207176553" ref="index:bookings:local-events:social-media:booking-(create---calendar):booking-(create---description):booking-(create---extras):booking-(create---preview):dashboard-copy:calendar:added-calendar:manage-reservations:home:reviews:test"/>
    <file name="museutils.js" crc="3790713428" ref="index:bookings:local-events:social-media:booking-(create---calendar):booking-(create---description):booking-(create---extras):booking-(create---preview):dashboard-copy:calendar:added-calendar:manage-reservations:home:reviews:test"/>
    <file name="whatinput.js" crc="84559013" ref="index:bookings:local-events:social-media:booking-(create---calendar):booking-(create---description):booking-(create---extras):booking-(create---preview):dashboard-copy:calendar:added-calendar:manage-reservations:home:reviews:test"/>
    <file name="jquery.musemenu.js" crc="238543590" ref="index:bookings:local-events:social-media:booking-(create---calendar):booking-(create---description):booking-(create---extras):booking-(create---preview):dashboard-copy:calendar:added-calendar:manage-reservations:home:reviews:test"/>
    <file name="jquery.watch.js" crc="4244854265" ref="index:bookings:local-events:social-media:booking-(create---calendar):booking-(create---description):booking-(create---extras):booking-(create---preview):dashboard-copy:calendar:added-calendar:manage-reservations:home:reviews:test"/>
    <file name="pie.js" crc="3827607177" ref="index:bookings:local-events:booking-(create---calendar):booking-(create---description):booking-(create---extras):booking-(create---preview):dashboard-copy:added-calendar:reviews:test:home"/>
    <file name="jquery.musepolyfill.bgsize.js" crc="3918880840" ref="index"/>
    <file name="webpro.js" crc="329496574" ref="index:dashboard-copy:calendar:added-calendar:home:local-events:social-media:manage-reservations:reviews:test"/>
    <file name="musewpslideshow.js" crc="394033048" ref="index:calendar:added-calendar:home:local-events:social-media:manage-reservations:reviews:test"/>
    <file name="jquery.museoverlay.js" crc="4265131668" ref="index:calendar:added-calendar:home:local-events:social-media:manage-reservations:reviews:test"/>
    <file name="touchswipe.js" crc="497316881" ref="index:calendar:added-calendar:home:local-events:social-media:manage-reservations:reviews:test"/>
    <file name="musewpdisclosure.js" crc="4234230767" ref="index:dashboard-copy"/>
    <file name="html5shiv.js" crc="4241844378" ref="index:bookings:local-events:social-media:booking-(create---calendar):booking-(create---description):booking-(create---extras):booking-(create---preview):dashboard-copy:calendar:added-calendar:manage-reservations:home:reviews:test"/>
    <file name="taketori.js" crc="307918890" ref="booking-(create---calendar):booking-(create---description):booking-(create---extras):booking-(create---preview)"/>
    <file name="form_check.php" crc="3805695515" ref="dashboard-copy:added-calendar:local-events:social-media:calendar:manage-reservations:index:home:reviews:test"/>
    <file name="form_throttle.php" crc="3802629389" ref="dashboard-copy:added-calendar:local-events:social-media:calendar:manage-reservations:index:home:reviews:test"/>
    <file name="form_process.php" crc="54267062" ref="dashboard-copy:added-calendar:local-events:social-media:calendar:manage-reservations:index:home:reviews:test"/>
    <file name="form-u3386.php" crc="401405342" ref="dashboard-copy"/>
    <file name="form-u3405.php" crc="4116374929" ref="dashboard-copy"/>
    <file name="form-u12359.php" crc="408383884" ref="added-calendar"/>
    <file name="form-u20987.php" crc="301612424" ref="index:local-events:social-media:calendar:added-calendar:manage-reservations:home:reviews"/>
    <file name="form-u22303.php" crc="505336999" ref="reviews"/>
    <file name="form-u21950.php" crc="3846452900" ref="test"/>
    <file name="form-u22576.php" crc="289444865" ref="home"/>
    <file name="form-u22609.php" crc="4022843264" ref="home"/>
    <file name="form-u22627.php" crc="530875115" ref="home"/>
    <file name="form-u23197.php" crc="253598496" ref="reviews"/>
    <file name="form-u23404.php" crc="17159594" ref="reviews"/>
  </folder>
  <folder name="images">
    <file name="pasted-svg-1027.svg" crc="3855726803" ref="bookings:booking-(create---calendar):booking-(create---description):booking-(create---extras):booking-(create---preview):dashboard-copy"/>
    <file name="pasted svg 1027_poster_.png" crc="4211293166" ref="bookings"/>
    <file name="pasted-svg-166377x39.svg" crc="128172870" ref="bookings:booking-(create---calendar):booking-(create---description):booking-(create---extras):booking-(create---preview):dashboard-copy"/>
    <file name="pasted svg 166377x39_poster_.png" crc="215869396" ref="bookings"/>
    <file name="pasted-svg-515.svg" crc="4272913009" ref="bookings:booking-(create---calendar):booking-(create---description):booking-(create---extras):booking-(create---preview):dashboard-copy"/>
    <file name="pasted svg 515_poster_.png" crc="169483399" ref="bookings"/>
    <file name="pasted-svg-104532x16.svg" crc="384972478" ref="index:bookings:local-events:social-media:booking-(create---calendar):booking-(create---description):booking-(create---extras):booking-(create---preview):dashboard-copy:calendar:added-calendar:manage-reservations:home:reviews"/>
    <file name="pasted svg 104532x16_poster_.png" crc="193386535" ref="index"/>
    <file name="pasted-svg-985657x133.svg" crc="437615314" ref="index:dashboard-copy:home:calendar:added-calendar:manage-reservations:local-events:social-media:reviews"/>
    <file name="pasted svg 985657x133_poster_.png" crc="258470512" ref="index"/>
    <file name="blank.gif" crc="4208392903" ref="index:added-calendar:local-events:social-media:calendar:manage-reservations:home:reviews:test"/>
    <file name="u3845.png" crc="195363157" ref="index"/>
    <file name="u3845-r.png" crc="4022112198" ref="index"/>
    <file name="u3845-m.png" crc="4022112198" ref="index"/>
    <file name="u3845-a.png" crc="449639482" ref="index"/>
    <file name="u3853.png" crc="273051182" ref="index"/>
    <file name="u3853-r.png" crc="525333733" ref="index"/>
    <file name="u3853-m.png" crc="525333733" ref="index"/>
    <file name="u3853-a.png" crc="3910243528" ref="index"/>
    <file name="pasted-svg-303826x154.svg" crc="4173568657" ref="index"/>
    <file name="pasted svg 303826x154_poster_.png" crc="15491502" ref="index"/>
    <file name="pasted-svg-303357x94.svg" crc="313149389" ref="index"/>
    <file name="pasted svg 303357x94_poster_.png" crc="3882928670" ref="index"/>
    <file name="decline-u8051-fr.png" crc="504139890" ref="index"/>
    <file name="accept.png" crc="221345623" ref="index"/>
    <file name="peterblack.png" crc="3917381114" ref="index"/>
    <file name="peterred-u8044-fr.png" crc="3837970639" ref="index"/>
    <file name="petergreen-u8046-fr.png" crc="4162430400" ref="index"/>
    <file name="joeblack.png" crc="14151459" ref="index"/>
    <file name="joered.png" crc="228120704" ref="index"/>
    <file name="joegreen.png" crc="4201886394" ref="index"/>
    <file name="bonnieblack.png" crc="4240944359" ref="index"/>
    <file name="bonniered.png" crc="356865956" ref="index"/>
    <file name="bonniegreen.png" crc="3872753800" ref="index"/>
    <file name="clevelandblack.png" crc="456061925" ref="index"/>
    <file name="clevelandred.png" crc="4260521663" ref="index"/>
    <file name="clevelandgreen.png" crc="255364361" ref="index"/>
    <file name="megblack.png" crc="4205757136" ref="index"/>
    <file name="megred.png" crc="434943089" ref="index"/>
    <file name="meggreen.png" crc="302249659" ref="index"/>
    <file name="arrow-u8061-fr.png" crc="4253976359" ref="index"/>
    <file name="u3851.png" crc="3862186375" ref="index"/>
    <file name="u3851-r.png" crc="497842668" ref="index"/>
    <file name="u3851-m.png" crc="497842668" ref="index"/>
    <file name="u3851-a.png" crc="38632510" ref="index"/>
    <file name="pasted-svg-571639x293.svg" crc="3814646082" ref="index:dashboard-copy"/>
    <file name="pasted svg 571639x293_poster_.png" crc="4061396610" ref="index"/>
    <file name="submitbutton.png" crc="4244305556" ref="index"/>
    <file name="pasted-svg-1053105x249.svg" crc="3886869574" ref="index:bookings:local-events:social-media:booking-(create---calendar):booking-(create---description):booking-(create---extras):booking-(create---preview):dashboard-copy:calendar:added-calendar:manage-reservations:home:reviews"/>
    <file name="pasted svg 1053105x249_poster_.png" crc="109214634" ref="index"/>
    <file name="u416-4.png" crc="3884506435" ref="local-events"/>
    <file name="pasted-svg-30395x28.svg" crc="139815618" ref="local-events"/>
    <file name="pasted svg 30395x28_poster_.png" crc="267784961" ref="local-events"/>
    <file name="pasted-svg-42273x39.svg" crc="283312716" ref="local-events"/>
    <file name="pasted svg 42273x39_poster_.png" crc="4099666081" ref="local-events"/>
    <file name="screen shot 2016-03-07 at 110815 pm.jpg" crc="4002409595" seo="true" ref="local-events"/>
    <file name="pasted-svg-30395x282.svg" crc="139815618" ref="local-events"/>
    <file name="pasted svg 30395x28_poster_2.png" crc="267784961" ref="local-events"/>
    <file name="u630-4.png" crc="28250982" ref="local-events"/>
    <file name="u804-4.png" crc="28250982" ref="local-events"/>
    <file name="u820-4.png" crc="28250982" ref="local-events"/>
    <file name="u832-4.png" crc="28250982" ref="local-events"/>
    <file name="u870-4.png" crc="28250982" ref="local-events"/>
    <file name="u891-4.png" crc="28250982" ref="local-events"/>
    <file name="screen shot 2016-03-12 at 65653 pm.jpg" crc="136167033" seo="true" ref="social-media"/>
    <file name="untitled-1.png" crc="318976590" seo="true" ref="booking-(create---calendar):booking-(create---description):booking-(create---extras):booking-(create---preview)"/>
    <file name="untitled-1-grey.png" crc="214236286" seo="true" ref="booking-(create---calendar):booking-(create---description):booking-(create---extras)"/>
    <file name="time.png" crc="4138336335" seo="true" ref="booking-(create---calendar):booking-(create---preview)"/>
    <file name="untitled-1-green-check.png" crc="358134112" seo="true" ref="booking-(create---calendar):booking-(create---preview)"/>
    <file name="technology.png" crc="3960022137" seo="true" ref="booking-(create---description)"/>
    <file name="sky-1-crop-u2884.jpg" crc="50213442" ref="booking-(create---preview)"/>
    <file name="sky02.jpg" crc="337904100" seo="true" ref="booking-(create---preview)"/>
    <file name="weekwidget-002.png" crc="483475406" seo="true" ref="added-calendar"/>
    <file name="weekwidget-003.png" crc="276777121" seo="true" ref="added-calendar"/>
    <file name="loading.gif" crc="3815509949" ref="added-calendar"/>
    <file name="pasted-svg-373929x509.svg" crc="4050764363" ref="dashboard-copy"/>
    <file name="pasted svg 373929x509_poster_.png" crc="174677211" ref="dashboard-copy"/>
    <file name="pasted-svg-374236x482.svg" crc="378317594" ref="dashboard-copy"/>
    <file name="pasted svg 374236x482_poster_.png" crc="289084018" ref="dashboard-copy"/>
    <file name="pasted-svg-640461x1033.svg" crc="309513804" ref="dashboard-copy"/>
    <file name="pasted svg 640461x1033_poster_.png" crc="172850424" ref="dashboard-copy"/>
    <file name="u3392-17.png" crc="214125795" ref="dashboard-copy"/>
    <file name="u3392-17-r.png" crc="311952614" ref="dashboard-copy"/>
    <file name="u3392-17-m.png" crc="311952614" ref="dashboard-copy"/>
    <file name="u3392-17-fs.png" crc="215354108" ref="dashboard-copy"/>
    <file name="u3416-17.png" crc="200884290" ref="dashboard-copy"/>
    <file name="u3416-17-r.png" crc="195222174" ref="dashboard-copy"/>
    <file name="u3416-17-m.png" crc="473606238" ref="dashboard-copy"/>
    <file name="u3416-17-fs.png" crc="59421444" ref="dashboard-copy"/>
    <file name="weekwidget-004.png" crc="3957747512" seo="true" ref="added-calendar"/>
    <file name="pasted-svg-158327x118.svg" crc="308476739" ref="added-calendar:local-events:social-media:calendar:manage-reservations:index:home:reviews"/>
    <file name="pasted svg 158327x118_poster_.png" crc="3940669426" ref="index"/>
    <file name="u12369-13.png" crc="3769798109" ref="added-calendar"/>
    <file name="u12369-13-r.png" crc="370593382" ref="added-calendar"/>
    <file name="u12369-13-m.png" crc="4183506069" ref="added-calendar"/>
    <file name="u12369-13-fs.png" crc="3835617575" ref="added-calendar"/>
    <file name="pasted-svg-71204x67.svg" crc="3946248881" ref="home:calendar:added-calendar:manage-reservations:local-events:social-media:index:reviews"/>
    <file name="pasted svg 71204x67_poster_.png" crc="34150162" ref="index"/>
    <file name="pasted-svg-678473x636.svg" crc="4189516310" ref="home:calendar:added-calendar:manage-reservations:local-events:social-media:index:reviews"/>
    <file name="pasted svg 678473x636_poster_.png" crc="3781107626" ref="index"/>
    <file name="pasted-svg-534564x437.svg" crc="3986592393" ref="home:calendar:added-calendar:manage-reservations:local-events:social-media:index:reviews"/>
    <file name="pasted svg 534564x437_poster_.png" crc="404426350" ref="index"/>
    <file name="pasted-svg-23294x28.svg" crc="358441184" ref="home:calendar:added-calendar:manage-reservations:local-events:social-media:index:reviews"/>
    <file name="pasted svg 23294x28_poster_.png" crc="184147381" ref="index"/>
    <file name="pasted-svg-71204x672.svg" crc="243943660" ref="home:calendar:added-calendar:manage-reservations:local-events:social-media:index:reviews"/>
    <file name="pasted svg 71204x67_poster_2.png" crc="56971843" ref="index"/>
    <file name="weekwidget-002-crop-u17883.png" crc="4099733723" ref="home"/>
    <file name="weekwidget-002-crop-u18051.png" crc="3988533655" ref="home"/>
    <file name="pasted-svg-89585x101.svg" crc="294142764" ref="home:calendar:added-calendar:manage-reservations:local-events:social-media:index:reviews"/>
    <file name="pasted svg 89585x101_poster_.png" crc="521974514" ref="index"/>
    <file name="u19862-4.png" crc="4201318203" ref="calendar:added-calendar:manage-reservations:local-events:social-media:index:home:reviews"/>
    <file name="u19826-4.png" crc="4255205388" ref="calendar:added-calendar:manage-reservations:local-events:social-media:index:home:reviews"/>
    <file name="u19889-4.png" crc="79677732" ref="calendar:added-calendar:manage-reservations:local-events:social-media:index:home:reviews"/>
    <file name="nobookings.svg" crc="4144108677" ref="calendar"/>
    <file name="nobookings_poster_u20725.png" crc="433927937" ref="calendar"/>
    <file name="monday-bookings.svg" crc="4061920224" ref="calendar"/>
    <file name="monday-bookings_poster_u20813.png" crc="3931964016" ref="calendar"/>
    <file name="wednesday-bookings.svg" crc="4191014317" ref="calendar"/>
    <file name="wednesday-bookings_poster_u20826.png" crc="196386635" ref="calendar"/>
    <file name="friday-bookings.svg" crc="128242683" ref="calendar"/>
    <file name="friday-bookings_poster_u20715.png" crc="398433261" ref="calendar"/>
    <file name="saturday-bookings.svg" crc="3779940482" ref="calendar"/>
    <file name="saturday-bookings_poster_u20737.png" crc="430574951" ref="calendar"/>
    <file name="sunday-white.svg" crc="405689477" ref="calendar"/>
    <file name="sunday-white_poster_u20752.png" crc="155224893" ref="calendar"/>
    <file name="sunday-grey.svg" crc="4037804491" ref="calendar"/>
    <file name="sunday-grey_poster_u20835.png" crc="4038857394" ref="calendar"/>
    <file name="monday-white.svg" crc="3935282918" ref="calendar"/>
    <file name="monday-white_poster_u20707.png" crc="300579646" ref="calendar"/>
    <file name="monday-grey.svg" crc="508660777" ref="calendar"/>
    <file name="monday-grey_poster_u20730.png" crc="116899295" ref="calendar"/>
    <file name="tuesday-white.svg" crc="232390851" ref="calendar"/>
    <file name="tuesday-white_poster_u20806.png" crc="513168674" ref="calendar"/>
    <file name="tuesday-grey.svg" crc="4163778584" ref="calendar"/>
    <file name="tuesday-grey_poster_u20747.png" crc="446481913" ref="calendar"/>
    <file name="wednesday-white.svg" crc="491967497" ref="calendar"/>
    <file name="wednesday-white_poster_u20705.png" crc="3919262534" ref="calendar"/>
    <file name="wednesday-grey.svg" crc="4122818515" ref="calendar"/>
    <file name="wednesday-grey_poster_u20848.png" crc="4279421207" ref="calendar"/>
    <file name="thursday-white.svg" crc="231600766" ref="calendar"/>
    <file name="thursday-white_poster_u20850.png" crc="4060112978" ref="calendar"/>
    <file name="thursday-grey.svg" crc="122444382" ref="calendar"/>
    <file name="thursday-grey_poster_u20780.png" crc="3931243515" ref="calendar"/>
    <file name="friday-white.svg" crc="83542510" ref="calendar"/>
    <file name="friday-white_poster_u20710.png" crc="4266147524" ref="calendar"/>
    <file name="friday-grey.svg" crc="4213900677" ref="calendar"/>
    <file name="friday-grey_poster_u20698.png" crc="384431802" ref="calendar"/>
    <file name="saturday-white.svg" crc="223203166" ref="calendar"/>
    <file name="saturday-white_poster_u20775.png" crc="4051596230" ref="calendar"/>
    <file name="saturday-grey.svg" crc="372983217" ref="calendar"/>
    <file name="saturday-grey_poster_u20735.png" crc="3791580796" ref="calendar"/>
    <file name="arrowmenuright.png" crc="41086373" ref="index"/>
    <file name="u19869-4.png" crc="172510878" ref="index:local-events:social-media:calendar:added-calendar:manage-reservations:home:reviews"/>
    <file name="u19884-4.png" crc="3895604962" ref="index:local-events:social-media:calendar:added-calendar:manage-reservations:home:reviews"/>
    <file name="u19874-4.png" crc="4105299165" ref="index:local-events:social-media:calendar:added-calendar:manage-reservations:home:reviews"/>
    <file name="u19836-4.png" crc="4291531165" ref="index:local-events:social-media:calendar:added-calendar:manage-reservations:home:reviews"/>
    <file name="u19840-4.png" crc="112628372" ref="index:local-events:social-media:calendar:added-calendar:manage-reservations:home:reviews"/>
    <file name="u21616-4.png" crc="4097980158" ref="index:local-events:social-media:calendar:added-calendar:manage-reservations:home:reviews"/>
    <file name="slack-imgscom.jpg" crc="205209033" ref="index"/>
    <file name="kara0001.jpg" crc="3885583343" ref="index"/>
    <file name="screen shot 2016-04-07 at 120207 am.jpg" crc="443318381" seo="true" ref="index:reviews"/>
    <file name="u20984.png" crc="435612158" ref="index:local-events:social-media:calendar:added-calendar:manage-reservations:home:reviews"/>
    <file name="u20984-a.png" crc="435612158" ref="index:local-events:social-media:calendar:added-calendar:manage-reservations:home:reviews"/>
    <file name="u20998-13.png" crc="3769798109" ref="index:local-events:social-media:calendar:added-calendar:manage-reservations:home:reviews"/>
    <file name="u20998-13-r.png" crc="370593382" ref="index:local-events:social-media:calendar:added-calendar:manage-reservations:home:reviews"/>
    <file name="u20998-13-m.png" crc="4183506069" ref="index:local-events:social-media:calendar:added-calendar:manage-reservations:home:reviews"/>
    <file name="u20998-13-fs.png" crc="3835617575" ref="index:local-events:social-media:calendar:added-calendar:manage-reservations:home:reviews"/>
    <file name="u21565-4.png" crc="162010760" ref="calendar"/>
    <file name="screen shot 2016-04-07 at 120207 am-crop-u21364.jpg" crc="4013698446" ref="reviews"/>
    <file name="u21446.png" crc="414485556" ref="reviews"/>
    <file name="u21446-r.png" crc="414485556" ref="reviews"/>
    <file name="u21464.png" crc="4177924978" ref="reviews"/>
    <file name="u21464-r.png" crc="4177924978" ref="reviews"/>
    <file name="u21470.png" crc="288892518" ref="reviews"/>
    <file name="u21470-r.png" crc="288892518" ref="reviews"/>
    <file name="bookingicon.png" crc="3882353199" ref="index"/>
    <file name="reviewicon.png" crc="5126967" ref="index"/>
    <file name="homeicon.png" crc="4096186574" ref="index"/>
    <file name="u22533.png" crc="4209397225" ref="index:local-events:social-media:calendar:added-calendar:manage-reservations:home:reviews"/>
    <file name="u22533-r.png" crc="4209397225" ref="index:local-events:social-media:calendar:added-calendar:manage-reservations:home:reviews"/>
    <file name="u22288.png" crc="4100339316" ref="reviews"/>
    <file name="u22288-a.png" crc="4100339316" ref="reviews"/>
    <file name="u22308-13.png" crc="3769798109" ref="reviews"/>
    <file name="u22308-13-r.png" crc="370593382" ref="reviews"/>
    <file name="u22308-13-m.png" crc="4183506069" ref="reviews"/>
    <file name="u22308-13-fs.png" crc="3835617575" ref="reviews"/>
    <file name="u21945.png" crc="4100339316" ref="test"/>
    <file name="u21945-a.png" crc="4100339316" ref="test"/>
    <file name="u21957-13.png" crc="3769798109" ref="test"/>
    <file name="u21957-13-r.png" crc="370593382" ref="test"/>
    <file name="u21957-13-m.png" crc="4183506069" ref="test"/>
    <file name="u21957-13-fs.png" crc="3835617575" ref="test"/>
    <file name="u22563.png" crc="4100339316" ref="home"/>
    <file name="u22563-a.png" crc="4100339316" ref="home"/>
    <file name="u22587-13.png" crc="3769798109" ref="home"/>
    <file name="u22587-13-r.png" crc="370593382" ref="home"/>
    <file name="u22587-13-m.png" crc="4183506069" ref="home"/>
    <file name="u22587-13-fs.png" crc="3835617575" ref="home"/>
    <file name="u22594.png" crc="4100339316" ref="home"/>
    <file name="u22594-a.png" crc="4100339316" ref="home"/>
    <file name="u22610-13.png" crc="3769798109" ref="home"/>
    <file name="u22610-13-r.png" crc="370593382" ref="home"/>
    <file name="u22610-13-m.png" crc="4183506069" ref="home"/>
    <file name="u22610-13-fs.png" crc="3835617575" ref="home"/>
    <file name="u22654.png" crc="4100339316" ref="home"/>
    <file name="u22654-a.png" crc="4100339316" ref="home"/>
    <file name="u22639-13.png" crc="3769798109" ref="home"/>
    <file name="u22639-13-r.png" crc="370593382" ref="home"/>
    <file name="u22639-13-m.png" crc="4183506069" ref="home"/>
    <file name="u22639-13-fs.png" crc="3835617575" ref="home"/>
    <file name="note-3.svg" crc="4173388088" ref="index"/>
    <file name="note-3_poster_u22956.png" crc="4263991206" ref="index"/>
    <file name="pendingbookings.jpg" crc="3860604887" seo="true" ref="home"/>
    <file name="pendingreviews.jpg" crc="3819679449" seo="true" ref="home"/>
    <file name="u23079-4.png" crc="121785467" ref="index:local-events:social-media:calendar:added-calendar:manage-reservations:home:reviews"/>
    <file name="u23085-4.png" crc="119199462" ref="index:local-events:social-media:calendar:added-calendar:manage-reservations:home:reviews"/>
    <file name="52656.jpg" crc="4277645445" seo="true" ref="index:local-events:social-media:calendar:added-calendar:manage-reservations:home:reviews"/>
    <file name="todaysbookings-crop-u23014.jpg" crc="294395433" ref="home"/>
    <file name="newreviews-crop-u23007.jpg" crc="4294267525" ref="home"/>
    <file name="u23226.png" crc="4100339316" ref="reviews"/>
    <file name="u23226-a.png" crc="4100339316" ref="reviews"/>
    <file name="u23205-13.png" crc="3769798109" ref="reviews"/>
    <file name="u23205-13-r.png" crc="370593382" ref="reviews"/>
    <file name="u23205-13-m.png" crc="4183506069" ref="reviews"/>
    <file name="u23205-13-fs.png" crc="3835617575" ref="reviews"/>
    <file name="u23397.png" crc="4100339316" ref="reviews"/>
    <file name="u23397-a.png" crc="4100339316" ref="reviews"/>
    <file name="u23411-13.png" crc="3769798109" ref="reviews"/>
    <file name="u23411-13-r.png" crc="370593382" ref="reviews"/>
    <file name="u23411-13-m.png" crc="4183506069" ref="reviews"/>
    <file name="u23411-13-fs.png" crc="3835617575" ref="reviews"/>
    <file name="sunday-grey_poster_u23508.png" crc="4038857394" ref="calendar"/>
    <file name="sunday-grey2.svg" crc="4037804491" ref="calendar"/>
    <file name="monday-grey_poster_u23500.png" crc="116899295" ref="calendar"/>
    <file name="monday-grey2.svg" crc="508660777" ref="calendar"/>
    <file name="tuesday-grey_poster_u23492.png" crc="446481913" ref="calendar"/>
    <file name="tuesday-grey2.svg" crc="4163778584" ref="calendar"/>
    <file name="wednesday-grey_poster_u23516.png" crc="4279421207" ref="calendar"/>
    <file name="wednesday-grey2.svg" crc="4122818515" ref="calendar"/>
    <file name="thursday-grey_poster_u23524.png" crc="3931243515" ref="calendar"/>
    <file name="thursday-grey2.svg" crc="122444382" ref="calendar"/>
    <file name="friday-grey_poster_u23532.png" crc="384431802" ref="calendar"/>
    <file name="friday-grey2.svg" crc="4213900677" ref="calendar"/>
    <file name="saturday-grey_poster_u23540.png" crc="3791580796" ref="calendar"/>
    <file name="saturday-grey2.svg" crc="372983217" ref="calendar"/>
  </folder>
  <file name="index.html" crc="4018115591" seo="true" mt="1460398825032" redirect="true"/>
  <file name="bookings.html" crc="4059731637" seo="true" mt="1460137639204" redirect="true"/>
  <file name="local-events.html" crc="483708938" seo="true" mt="1460398799223" redirect="true"/>
  <file name="social-media.html" crc="4205786969" seo="true" mt="1460398799223" redirect="true"/>
  <file name="booking-(create---calendar).html" crc="527195347" seo="true" mt="1460137639204" redirect="true"/>
  <file name="booking-(create---description).html" crc="3784128002" seo="true" mt="1460137639204" redirect="true"/>
  <file name="booking-(create---extras).html" crc="4261755817" seo="true" mt="1460137639204" redirect="true"/>
  <file name="booking-(create---preview).html" crc="93852574" seo="true" mt="1460137639204" redirect="true"/>
  <file name="dashboard-copy.html" crc="34957967" seo="true" mt="1460137639204" redirect="true"/>
  <file name="calendar.html" crc="3930678737" seo="true" mt="1460398799223" redirect="true"/>
  <file name="added-calendar.html" crc="7802212" seo="true" mt="1460398799223" redirect="true"/>
  <file name="manage-reservations.html" crc="39578186" seo="true" mt="1460398799223" redirect="true"/>
  <file name="home.html" crc="3770744933" seo="true" mt="1460398799223" redirect="true"/>
  <file name="reviews.html" crc="4116995282" seo="true" mt="1460398799223" redirect="true"/>
  <file name="test.html" crc="145740516" seo="true" mt="1460138399685" redirect="true"/>
</manifest>